{"stat.useItem.minecraft.lapis_block":16,"stat.walkOneCm":31117,"stat.pickup.minecraft.redstone_torch":1,"stat.useItem.minecraft.stone":1090,"stat.leaveGame":3,"stat.drop.minecraft.wool":1,"stat.useItem.minecraft.glowstone":74,"stat.jump":92,"stat.useItem.minecraft.planks":205,"stat.drop.minecraft.stone":61,"stat.pickup.minecraft.glowstone":4,"stat.pickup.minecraft.stone":2,"stat.crouchOneCm":23,"stat.useItem.minecraft.dirt":29,"stat.drop.minecraft.glowstone":4,"stat.drop.minecraft.bed":1,"stat.drop.minecraft.redstone_torch":2,"stat.useItem.minecraft.bed":1,"stat.pickup.minecraft.grass":1,"stat.flyOneCm":307688,"stat.drop":71,"stat.playOneMinute":67269,"stat.sneakTime":1479,"stat.pickup.minecraft.wool":1,"stat.useItem.minecraft.wool":94,"stat.sleepInBed":1,"stat.timeSinceDeath":67269,"stat.drop.minecraft.grass":2}